{
  "threshold": 1.9137987876467302,
  "mean": 0.09610637354027833,
  "std": 0.6058974713688173,
  "k": 3.0,
  "computed_at": "2025-12-30T16:01:42.563706",
  "n_samples": 3502,
  "n_features": 26
}