{
  "threshold": 1.9496768011030918,
  "mean": 0.11779056631595262,
  "std": 0.6106287449290464,
  "k": 3.0,
  "computed_at": "2025-12-31T16:59:01.120006",
  "n_samples": 3502,
  "n_features": 31
}